Customer ID,Credit Score,Annual Income,Debt-to-Income Ratio,Total Debt,Loan Amount,Loan Term,Loan Repayment History,Account Balance,Monthly Expenditure,Credit Card Utilization,Default History,Employment Status,Collateral Value,Risk Grade
10001,750,120000,0.25,50000,30000,5,on time,10000,5000,0.3,no,employed,20000,low
10002,680,90000,0.35,70000,40000,10,late,8000,6000,0.4,yes,self-employed,15000,medium
10003,820,180000,0.2,100000,60000,7,on time,12000,7000,0.2,no,unemployed,25000,low
10004,740,110000,0.3,80000,50000,8,late,9000,6500,0.35,yes,employed,18000,medium
10005,660,80000,0.4,90000,70000,9,on time,11000,7500,0.45,no,self-employed,20000,high
10006,780,160000,0.15,60000,40000,6,late,13000,8000,0.25,yes,unemployed,22000,medium
10007,720,130000,0.25,70000,50000,4,on time,10000,5500,0.3,no,employed,15000,low
10008,640,70000,0.35,80000,60000,11,late,9000,7000,0.4,yes,self-employed,18000,high
10009,800,190000,0.1,50000,30000,3,on time,12000,9000,0.2,no,unemployed,25000,low
10010,760,140000,0.2,60000,40000,5,late,11000,6000,0.25,yes,employed,22000,medium
10011,700,120000,0.3,80000,70000,10,on time,10000,7000,0.35,no,self-employed,20000,low
10012,820,170000,0.15,40000,20000,4,on time,12000,8000,0.2,no,unemployed,25000,low
10013,740,150000,0.2,50000,30000,6,late,10000,6000,0.25,yes,employed,18000,medium
10014,660,100000,0.35,80000,60000,9,on time,9000,7000,0.4,no,self-employed,20000,high
10015,780,160000,0.1,50000,30000,3,on time,11000,8000,0.2,no,unemployed,22000,low
10016,850,220000,0.05,30000,25000,5,on time,14000,10000,0.15,no,employed,28000,low
10017,680,95000,0.4,90000,80000,12,late,11000,8000,0.45,yes,self-employed,24000,high
10018,810,210000,0.1,60000,40000,7,on time,13000,9000,0.2,no,unemployed,30000,low
10019,720,130000,0.25,70000,50000,4,on time,10000,5500,0.3,no,employed,15000,low
10020,640,70000,0.35,80000,60000,11,late,9000,7000,0.4,yes,self-employed,18000,high
10021,800,190000,0.1,50000,30000,3,on time,12000,9000,0.2,no,unemployed,25000,low
10022,760,140000,0.2,60000,40000,5,late,11000,6000,0.25,yes,employed,22000,medium
10023,700,120000,0.3,80000,70000,10,on time,10000,7000,0.35,no,self-employed,20000,low
10024,820,170000,0.15,40000,20000,4,on time,12000,8000,0.2,no,unemployed,25000,low
10025,740,150000,0.2,50000,30000,6,late,10000,6000,0.25,yes,employed,18000,medium
10026,660,100000,0.35,80000,60000,9,on time,9000,7000,0.4,no,self-employed,20000,high
10027,780,160000,0.1,50000,30000,3,on time,11000,8000,0.2,no,unemployed,22000,low
10028,850,220000,0.05,30000,25000,5,on time,14000,10000,0.15,no,employed,28000,low
10029,680,95000,0.4,90000,80000,12,late,11000,8000,0.45,yes,self-employed,24000,high
10030,810,210000,0.1,60000,40000,7,on time,13000,9000,0.2,no,unemployed,30000,low
10031,720,130000,0.25,55000,35000,8,late,9000,6500,0.3,yes,employed,19000,medium
10032,790,190000,0.08,35000,28000,4,on time,16000,9500,0.18,no,self-employed,31000,low
10033,670,90000,0.38,80000,70000,11,late,12000,7500,0.42,yes,unemployed,22000,high
10034,840,250000,0.04,40000,32000,6,on time,18000,10000,0.17,no,employed,33000,low
10035,760,140000,0.22,60000,45000,9,late,11000,6000,0.27,yes,self-employed,20000,medium
10036,820,180000,0.12,50000,38000,5,on time,15000,9000,0.22,no,unemployed,29000,low
10037,780,160000,0.18,55000,42000,7,late,14000,7000,0.28,yes,employed,24000,medium
10038,730,110000,0.3,70000,55000,10,on time,13000,6500,0.32,no,self-employed,21000,high
10039,850,220000,0.06,45000,35000,4,on time,17000,10500,0.19,no,unemployed,32000,low
10040,810,200000,0.1,70000,52000,8,late,16000,8500,0.24,yes,employed,28000,medium
10041,760,130000,0.24,60000,40000,9,on time,13000,6500,0.26,no,self-employed,20000,low
10042,830,240000,0.05,50000,38000,6,on time,19000,11500,0.21,no,unemployed,35000,low
10043,790,190000,0.09,45000,32000,5,late,18000,10500,0.26,yes,employed,31000,medium
10044,680,90000,0.38,80000,70000,12,late,14000,8000,0.42,yes,self-employed,24000,high
10045,810,200000,0.1,70000,52000,8,late,16000,8500,0.24,yes,unemployed,28000,medium
10046,820,180000,0.12,50000,38000,5,on time,15000,9000,0.22,no,employed,29000,low
10047,780,160000,0.18,55000,42000,7,late,14000,7000,0.28,yes,self-employed,24000,medium
10048,730,110000,0.3,70000,55000,10,on time,13000,6500,0.32,no,unemployed,21000,high
10049,850,220000,0.06,45000,35000,4,on time,17000,10500,0.19,no,employed,32000,low
10050,810,200000,0.1,70000,52000,8,late,16000,8500,0.24,yes,self-employed,28000,medium
10051,750,120000,0.3,50000,20000,5,on time,10000,5000,0.4,FALSE,employed,20000,low
10052,620,80000,0.5,30000,10000,10,late,8000,4000,0.6,TRUE,self-employed,15000,medium
10053,820,180000,0.2,60000,30000,20,on time,15000,7000,0.3,FALSE,unemployed,25000,high
10054,580,60000,0.6,40000,20000,15,missed,6000,3000,0.7,TRUE,employed,20000,medium
10055,740,140000,0.4,70000,40000,25,on time,12000,6000,0.5,FALSE,self-employed,30000,low
10056,660,70000,0.5,50000,30000,30,late,7000,3500,0.6,TRUE,unemployed,25000,medium
10057,820,200000,0.1,80000,50000,35,on time,18000,9000,0.2,FALSE,employed,35000,high
10058,540,50000,0.7,60000,40000,40,missed,5000,2500,0.8,TRUE,self-employed,28000,medium
10059,760,160000,0.3,90000,60000,45,on time,16000,8000,0.4,FALSE,unemployed,38000,low
10060,680,90000,0.4,70000,50000,50,late,9000,4500,0.5,TRUE,employed,32000,medium
10061,840,220000,0.05,100000,70000,55,on time,22000,11000,0.1,FALSE,self-employed,42000,high
10062,620,40000,0.8,80000,60000,60,missed,4000,2000,0.9,TRUE,unemployed,30000,medium
10063,780,180000,0.2,90000,80000,65,on time,18000,9000,0.2,FALSE,employed,45000,low
10064,700,100000,0.5,70000,70000,70,late,10000,5000,0.6,TRUE,self-employed,35000,medium
10065,860,280000,0.03,110000,90000,75,on time,28000,14000,0.03,FALSE,unemployed,52000,high
10066,640,35000,0.9,90000,80000,80,missed,3500,1750,0.95,TRUE,employed,29000,medium
10067,740,140000,0.15,100000,90000,85,on time,14000,7000,0.15,FALSE,self-employed,48000,low
10068,820,240000,0.05,120000,100000,90,late,24000,12000,0.05,TRUE,unemployed,52000,high
10069,660,42000,0.85,110000,90000,95,missed,4200,2100,0.97,TRUE,employed,31000,medium
10070,760,160000,0.2,120000,100000,100,on time,16000,8000,0.2,FALSE,self-employed,49000,low
10071,720,120000,0.3,130000,110000,105,late,12000,6000,0.3,TRUE,unemployed,42000,medium
10072,800,260000,0.04,140000,120000,110,on time,26000,13000,0.04,FALSE,employed,55000,high
10073,740,140000,0.15,150000,130000,115,late,14000,7000,0.15,TRUE,self-employed,50000,low
10074,820,240000,0.05,160000,140000,120,on time,24000,12000,0.05,FALSE,unemployed,58000,high
10075,660,42000,0.85,170000,150000,125,missed,4200,2100,0.97,TRUE,employed,33000,medium
10076,760,160000,0.2,180000,160000,130,on time,16000,8000,0.2,FALSE,self-employed,51000,low
10077,720,120000,0.3,190000,170000,135,late,12000,6000,0.3,TRUE,unemployed,44000,medium
10078,800,260000,0.04,200000,180000,140,on time,26000,13000,0.04,FALSE,employed,57000,high
10079,740,140000,0.15,210000,190000,145,late,14000,7000,0.15,TRUE,self-employed,52000,low
10080,820,240000,0.05,220000,200000,150,on time,24000,12000,0.05,FALSE,unemployed,60000,high
10081,660,42000,0.85,230000,210000,155,missed,4200,2100,0.97,TRUE,employed,35000,medium
10082,760,160000,0.2,240000,220000,160,on time,16000,8000,0.2,FALSE,self-employed,53000,low
10083,720,120000,0.3,250000,230000,165,late,12000,6000,0.3,TRUE,unemployed,46000,medium
10084,800,260000,0.04,260000,240000,170,on time,26000,13000,0.04,FALSE,employed,60000,high
10085,740,140000,0.15,270000,250000,175,late,14000,7000,0.15,TRUE,self-employed,54000,low
10086,680,50000,0.6,280000,260000,180,missed,5000,2500,0.8,TRUE,unemployed,38000,medium
10087,780,300000,0.02,290000,270000,185,on time,30000,15000,0.02,FALSE,employed,67000,high
10088,700,180000,0.25,300000,280000,190,late,18000,9000,0.25,TRUE,self-employed,49000,low
10089,840,380000,0.01,310000,290000,195,on time,38000,19000,0.01,FALSE,unemployed,73000,high
10090,780,320000,0.03,320000,300000,200,late,32000,16000,0.03,TRUE,employed,69000,medium
10091,820,420000,0.005,330000,310000,205,on time,42000,21000,0.005,FALSE,self-employed,78000,high
10092,760,200000,0.2,340000,320000,210,late,20000,10000,0.2,TRUE,unemployed,53000,medium
10093,860,480000,0.001,350000,330000,215,on time,48000,24000,0.001,FALSE,employed,88000,high
10094,800,360000,0.02,360000,340000,220,late,36000,18000,0.02,TRUE,self-employed,74000,low
10095,820,440000,0.005,370000,350000,225,on time,44000,22000,0.005,FALSE,unemployed,82000,high
10096,780,280000,0.03,380000,360000,230,late,28000,14000,0.03,TRUE,employed,71000,medium
10097,860,520000,0.001,390000,370000,235,on time,52000,26000,0.001,FALSE,self-employed,92000,high
10098,800,400000,0.02,400000,380000,240,late,40000,20000,0.02,TRUE,unemployed,78000,low
10099,820,480000,0.005,410000,390000,245,on time,48000,24000,0.005,FALSE,employed,88000,high
10100,780,300000,0.03,420000,400000,250,late,30000,15000,0.03,TRUE,self-employed,74000,medium
10101,860,560000,0.001,430000,410000,255,on time,56000,28000,0.001,FALSE,unemployed,98000,high
10102,800,440000,0.02,440000,420000,260,late,44000,22000,0.02,TRUE,employed,82000,low
10103,820,520000,0.005,450000,430000,265,on time,52000,26000,0.005,FALSE,self-employed,92000,high
10104,780,380000,0.03,460000,440000,270,late,38000,19000,0.03,TRUE,unemployed,77000,medium
10105,860,600000,0.001,470000,450000,275,on time,60000,30000,0.001,FALSE,employed,108000,high
10106,840,580000,0.002,480000,460000,280,on time,58000,29000,0.002,FALSE,self-employed,102000,high
10107,820,500000,0.006,490000,470000,285,late,50000,25000,0.006,TRUE,unemployed,94000,medium
10108,800,420000,0.04,500000,480000,290,on time,42000,21000,0.04,FALSE,employed,86000,low
10109,780,340000,0.05,510000,490000,295,late,34000,17000,0.05,TRUE,self-employed,79000,medium
10110,860,620000,0.001,520000,500000,300,on time,62000,31000,0.001,FALSE,unemployed,118000,high
10111,820,480000,0.008,530000,510000,305,late,48000,24000,0.008,TRUE,employed,98000,medium
10112,800,400000,0.02,540000,520000,310,on time,40000,20000,0.02,FALSE,self-employed,90000,low
10113,780,320000,0.03,550000,530000,315,late,32000,16000,0.03,TRUE,unemployed,82000,medium
10114,860,640000,0.001,560000,540000,320,on time,64000,32000,0.001,FALSE,employed,124000,high
10115,820,500000,0.006,570000,550000,325,late,50000,25000,0.006,TRUE,self-employed,104000,medium
10116,800,420000,0.04,580000,560000,330,on time,42000,21000,0.04,FALSE,unemployed,98000,low
10117,780,340000,0.05,590000,570000,335,late,34000,17000,0.05,TRUE,employed,92000,medium
10118,860,620000,0.001,600000,580000,340,on time,62000,31000,0.001,FALSE,self-employed,128000,high
10119,820,480000,0.008,610000,590000,345,late,48000,24000,0.008,TRUE,unemployed,110000,medium
10120,800,400000,0.02,620000,600000,350,on time,40000,20000,0.02,FALSE,employed,100000,low
10121,780,320000,0.03,630000,610000,355,late,32000,16000,0.03,TRUE,self-employed,96000,medium
10122,860,640000,0.001,640000,620000,360,on time,64000,32000,0.001,FALSE,unemployed,132000,high
10123,820,500000,0.006,650000,630000,365,late,50000,25000,0.006,TRUE,employed,114000,medium
10124,800,420000,0.04,660000,640000,370,on time,42000,21000,0.04,FALSE,self-employed,106000,low
10125,780,340000,0.05,670000,650000,375,late,34000,17000,0.05,TRUE,unemployed,100000,medium
10126,830,560000,0.007,680000,660000,380,on time,56000,28000,0.007,FALSE,employed,124000,medium
10127,850,680000,0.002,690000,670000,385,late,68000,34000,0.002,TRUE,self-employed,146000,high
10128,810,480000,0.009,700000,680000,390,on time,48000,24000,0.009,FALSE,unemployed,118000,low
10129,790,360000,0.06,710000,690000,395,late,36000,18000,0.06,TRUE,employed,98000,medium
10130,820,580000,0.004,720000,700000,400,on time,58000,29000,0.004,FALSE,self-employed,132000,high
10131,840,700000,0.001,730000,710000,405,late,70000,35000,0.001,TRUE,unemployed,152000,medium
10132,810,440000,0.011,740000,720000,410,on time,44000,22000,0.011,FALSE,employed,122000,low
10133,830,520000,0.005,750000,730000,415,late,52000,26000,0.005,TRUE,self-employed,140000,high
10134,820,620000,0.003,760000,740000,420,on time,62000,31000,0.003,FALSE,unemployed,136000,medium
10135,850,720000,0.001,770000,750000,425,late,72000,36000,0.001,TRUE,employed,164000,high
10136,810,460000,0.012,780000,760000,430,on time,46000,23000,0.012,FALSE,self-employed,126000,low
10137,830,540000,0.004,790000,770000,435,late,54000,27000,0.004,TRUE,unemployed,144000,medium
10138,820,630000,0.002,800000,780000,440,on time,63000,31500,0.002,FALSE,employed,138000,high
10139,850,740000,0.001,810000,790000,445,late,74000,37000,0.001,TRUE,self-employed,172000,medium
10140,810,490000,0.013,820000,800000,450,on time,49000,24500,0.013,FALSE,unemployed,130000,low
10141,830,560000,0.005,830000,810000,455,late,56000,28000,0.005,TRUE,employed,152000,high
10142,820,620000,0.003,840000,820000,460,on time,62000,31000,0.003,FALSE,self-employed,142000,medium
10143,850,720000,0.001,850000,830000,465,late,72000,36000,0.001,TRUE,unemployed,184000,high
10144,810,480000,0.014,860000,840000,470,on time,48000,24000,0.014,FALSE,employed,134000,low
10145,830,540000,0.004,870000,850000,475,late,54000,27000,0.004,TRUE,self-employed,156000,medium
10146,820,650000,0.002,880000,860000,480,on time,65000,32500,0.002,FALSE,employed,140000,high
10147,850,750000,0.001,890000,870000,485,late,75000,37500,0.001,TRUE,unemployed,178000,medium
10148,810,470000,0.012,900000,880000,490,on time,47000,23500,0.012,FALSE,self-employed,126000,low
10149,830,580000,0.005,910000,890000,495,late,58000,29000,0.005,TRUE,employed,154000,high
10150,820,620000,0.003,920000,900000,500,on time,62000,31000,0.003,FALSE,unemployed,144000,medium
10151,750,120000,0.25,30000,20000,5,on time,15000,1000,0.5,none,employed,10000,low
10152,680,80000,0.35,28000,18000,7,late,18000,1200,0.7,previous,self-employed,8000,medium
10153,920,160000,0.15,24000,16000,3,on time,20000,1500,0.3,none,employed,12000,low
10154,780,100000,0.3,32000,22000,10,late,22000,1300,0.6,previous,self-employed,10000,medium
10155,640,60000,0.4,40000,28000,8,missed,28000,1100,0.8,previous,unemployed,6000,high
10156,860,140000,0.2,20000,14000,4,on time,20000,1400,0.4,none,employed,12000,low
10157,720,90000,0.25,36000,24000,9,late,24000,1300,0.5,previous,self-employed,9000,medium
10158,980,180000,0.1,12000,18000,2,on time,18000,1600,0.2,none,employed,15000,low
10159,660,70000,0.35,42000,30000,11,late,30000,1200,0.6,previous,unemployed,7000,high
10160,940,160000,0.15,24000,16000,6,on time,20000,1500,0.3,none,employed,12000,low
10161,780,100000,0.3,32000,22000,12,late,22000,1300,0.6,previous,self-employed,10000,medium
10162,820,110000,0.25,28000,20000,5,on time,20000,1200,0.5,none,employed,11000,low
10163,940,180000,0.1,12000,18000,3,on time,18000,1600,0.2,none,employed,15000,low
10164,700,80000,0.3,36000,24000,10,late,24000,1300,0.6,previous,self-employed,9000,medium
10165,960,200000,0.05,10000,20000,1,on time,20000,1800,0.1,none,employed,17000,low
10166,750,62000,0.28,28000,18000,8,late,18000,1100,0.45,previous,unemployed,8000,medium
10167,910,250000,0.08,20000,25000,4,on time,25000,2000,0.15,none,self-employed,22000,low
10168,680,54000,0.32,34000,22000,9,late,22000,1200,0.55,previous,unemployed,7000,high
10169,830,130000,0.2,26000,19000,7,on time,19000,1400,0.4,none,employed,13000,low
10170,720,42000,0.29,31000,20000,10,late,20000,1100,0.5,previous,self-employed,6000,medium
10171,880,300000,0.06,15000,30000,2,on time,30000,2400,0.1,none,employed,28000,low
10172,640,49000,0.33,36000,24000,11,late,24000,1300,0.6,previous,unemployed,7000,high
10173,850,220000,0.09,22000,22000,5,on time,22000,1800,0.2,none,employed,20000,low
10174,780,140000,0.21,28000,20000,8,late,20000,1400,0.45,previous,self-employed,14000,medium
10175,920,280000,0.04,12000,28000,1,on time,28000,2400,0.08,none,employed,26000,low
10176,740,50000,0.3,32000,22000,9,late,22000,1200,0.55,previous,unemployed,6000,high
10177,870,190000,0.07,14000,19000,3,on time,19000,1600,0.15,none,employed,17000,low
10178,760,67000,0.24,29000,20000,6,late,20000,1300,0.4,previous,self-employed,9000,medium
10179,930,380000,0.02,10000,38000,2,on time,38000,3200,0.06,none,employed,36000,low
10180,690,45000,0.34,37000,24000,10,late,24000,1200,0.6,previous,unemployed,7000,high
10181,830,230000,0.1,23000,23000,5,on time,23000,1900,0.2,none,employed,22000,low
10182,790,180000,0.18,32000,24000,8,late,24000,1600,0.45,previous,self-employed,18000,medium
10183,950,290000,0.03,11000,29000,1,on time,29000,2500,0.08,none,employed,28000,low
10184,780,260000,0.05,14000,26000,3,on time,26000,2200,0.12,none,employed,25000,low
10185,820,140000,0.22,31000,22000,9,late,22000,1400,0.45,previous,self-employed,14000,medium
10186,840,200000,0.09,18000,20000,4,on time,20000,1800,0.18,none,employed,20000,low
10187,760,62000,0.26,28000,25000,7,late,25000,1300,0.38,previous,self-employed,8000,medium
10188,900,420000,0.01,12000,42000,2,on time,42000,3500,0.07,none,employed,41000,low
10189,700,48000,0.33,38000,28000,11,late,28000,1200,0.55,previous,unemployed,7000,high
10190,860,220000,0.11,22000,22000,6,on time,22000,1900,0.22,none,employed,21000,low
10191,810,300000,0.04,13000,30000,3,on time,30000,2500,0.11,none,employed,29000,low
10192,830,150000,0.23,35000,24000,10,late,24000,1400,0.48,previous,self-employed,15000,medium
10193,920,340000,0.02,14000,34000,2,on time,34000,2800,0.09,none,employed,33000,low
10194,800,240000,0.06,16000,24000,5,on time,24000,2000,0.14,none,employed,23000,low
10195,890,410000,0.03,16000,41000,1,on time,41000,3300,0.1,none,employed,40000,low
10196,850,290000,0.05,19000,29000,4,on time,29000,2400,0.13,none,employed,28000,low
10197,910,420000,0.01,18000,42000,2,on time,42000,3500,0.08,none,employed,41000,low
10198,830,380000,0.04,14000,38000,3,on time,38000,3200,0.12,none,employed,37000,low
10199,890,310000,0.03,17000,31000,1,on time,31000,2600,0.1,none,employed,30000,low
10200,820,220000,0.11,22000,22000,6,on time,22000,1900,0.22,none,employed,21000,low
10201,840,320000,0.05,18000,32000,4,on time,32000,2600,0.13,none,employed,31000,low
10202,860,260000,0.06,19000,26000,5,on time,26000,2200,0.14,none,employed,25000,low
10203,920,400000,0.02,16000,40000,2,on time,40000,3300,0.09,none,employed,39000,low
10204,880,350000,0.03,18000,35000,1,on time,35000,2900,0.1,none,employed,34000,low
10205,810,270000,0.05,19000,27000,5,on time,27000,2300,0.13,none,employed,26000,low
10206,850,300000,0.04,17000,30000,3,on time,30000,2500,0.11,none,employed,29000,low
10207,930,420000,0.01,14000,42000,2,on time,42000,3500,0.08,none,employed,41000,low
10208,860,380000,0.03,20000,38000,1,on time,38000,3100,0.1,none,employed,37000,low
10209,840,290000,0.06,22000,29000,5,on time,29000,2400,0.14,none,employed,28000,low
10210,890,240000,0.08,24000,24000,6,on time,24000,2000,0.17,none,employed,23000,low
10211,820,410000,0.02,16000,41000,2,on time,41000,3400,0.09,none,employed,40000,low
10212,880,330000,0.04,21000,33000,3,on time,33000,2700,0.11,none,employed,32000,low
10213,830,220000,0.11,22000,22000,6,on time,22000,1900,0.22,none,employed,21000,low
10214,900,280000,0.05,23000,28000,4,on time,28000,2300,0.13,none,employed,27000,low
10215,910,360000,0.03,19000,36000,1,on time,36000,3000,0.1,none,employed,35000,low
10216,850,400000,0.02,14000,40000,2,on time,40000,3300,0.08,none,employed,39000,low
10217,830,380000,0.04,20000,38000,1,on time,38000,3100,0.1,none,employed,37000,low
10218,890,310000,0.03,22000,31000,3,on time,31000,2600,0.11,none,employed,30000,low
10219,860,240000,0.06,24000,24000,5,on time,24000,2000,0.14,none,employed,23000,low
10220,880,410000,0.02,16000,41000,2,on time,41000,3400,0.09,none,employed,40000,low
10221,820,330000,0.04,21000,33000,3,on time,33000,2700,0.11,none,employed,32000,low
10222,840,220000,0.11,22000,22000,6,on time,22000,1900,0.22,none,employed,21000,low
10223,850,280000,0.05,23000,28000,4,on time,28000,2300,0.13,none,employed,27000,low
10224,890,360000,0.03,19000,36000,1,on time,36000,3000,0.1,none,employed,35000,low
10225,920,400000,0.02,14000,40000,2,on time,40000,3300,0.08,none,employed,39000,low
10226,840,420000,0.04,25000,42000,3,on time,42000,3500,0.12,none,employed,41000,low
10227,830,380000,0.06,27000,38000,5,on time,38000,3100,0.15,none,employed,37000,low
10228,910,440000,0.02,18000,44000,2,on time,44000,3600,0.09,none,employed,43000,low
10229,860,340000,0.03,22000,34000,4,on time,34000,2800,0.11,none,employed,33000,low
10230,880,460000,0.04,28000,46000,6,on time,46000,3800,0.13,none,employed,45000,low
10231,850,420000,0.05,29000,42000,7,on time,42000,3500,0.16,none,employed,41000,low
10232,920,500000,0.02,20000,50000,3,on time,50000,4100,0.08,none,employed,49000,low
10233,890,360000,0.04,24000,36000,5,on time,36000,3000,0.12,none,employed,35000,low
10234,840,440000,0.06,26000,44000,4,on time,44000,3600,0.15,none,employed,43000,low
10235,820,380000,0.03,21000,38000,6,on time,38000,3100,0.11,none,employed,37000,low
10236,890,420000,0.02,22000,42000,2,on time,42000,3500,0.09,none,employed,41000,low
10237,850,460000,0.05,29000,46000,7,on time,46000,3800,0.13,none,employed,45000,low
10238,920,540000,0.02,22000,54000,3,on time,54000,4400,0.08,none,employed,53000,low
10239,890,480000,0.04,24000,48000,5,on time,48000,4000,0.12,none,employed,47000,low
10240,840,400000,0.06,26000,40000,4,on time,40000,3300,0.15,none,employed,39000,low
10241,820,420000,0.03,23000,42000,6,on time,42000,3500,0.11,none,employed,41000,low
10242,890,460000,0.02,24000,46000,2,on time,46000,3800,0.09,none,employed,45000,low
10243,850,540000,0.05,29000,54000,7,on time,54000,4400,0.13,none,employed,53000,low
10244,920,620000,0.02,24000,62000,3,on time,62000,5000,0.08,none,employed,61000,low
10245,890,580000,0.04,26000,58000,5,on time,58000,4700,0.12,none,employed,57000,low
10246,860,500000,0.03,27000,50000,4,on time,50000,4200,0.14,none,employed,49000,low
10247,880,520000,0.06,28000,52000,6,on time,52000,4500,0.16,none,employed,51000,low
10248,900,580000,0.04,29000,58000,5,on time,58000,4800,0.13,none,employed,57000,low
10249,910,600000,0.02,25000,60000,3,on time,60000,5000,0.09,none,employed,59000,low
10250,920,620000,0.05,30000,62000,7,on time,62000,5200,0.15,none,employed,61000,low
10251,750,120000,0.3,50000,20000,5,on time,15000,5000,30,FALSE,employed,10000,low
10252,820,180000,0.25,70000,30000,10,on time,20000,6000,25,FALSE,self-employed,15000,low
10253,680,90000,0.4,60000,40000,7,late,25000,7000,40,TRUE,unemployed,12000,medium
10254,940,220000,0.2,80000,35000,12,on time,30000,8000,20,FALSE,employed,18000,low
10255,760,100000,0.35,55000,25000,8,on time,18000,6000,35,FALSE,self-employed,14000,low
10256,780,140000,0.3,65000,30000,9,late,22000,7000,30,TRUE,employed,16000,medium
10257,720,110000,0.38,62000,28000,6,on time,20000,6500,38,FALSE,self-employed,13000,medium
10258,860,200000,0.25,75000,40000,11,on time,35000,9000,25,FALSE,employed,20000,low
10259,740,130000,0.32,58000,32000,4,late,23000,7000,32,TRUE,unemployed,15000,medium
10260,820,160000,0.28,67000,38000,13,on time,28000,8000,28,FALSE,self-employed,22000,low
10261,780,190000,0.22,78000,42000,14,late,32000,9000,22,TRUE,employed,25000,medium
10262,760,120000,0.3,54000,24000,10,on time,19000,6000,30,FALSE,unemployed,11000,low
10263,740,180000,0.26,68000,36000,15,late,26000,8000,26,TRUE,self-employed,19000,medium
10264,820,220000,0.2,79000,44000,16,on time,33000,10000,20,FALSE,employed,28000,low
10265,780,160000,0.29,62000,30000,12,late,24000,8000,29,TRUE,unemployed,20000,medium
10266,850,140000,0.24,60000,25000,8,on time,18000,6000,24,FALSE,self-employed,18000,low
10267,760,180000,0.27,72000,38000,18,late,29000,9000,27,TRUE,employed,21000,medium
10268,820,200000,0.21,82000,45000,19,on time,36000,11000,21,FALSE,self-employed,24000,low
10269,780,160000,0.3,64000,28000,11,late,23000,8000,30,TRUE,unemployed,20000,medium
10270,840,220000,0.19,84000,48000,20,on time,38000,12000,19,FALSE,employed,28000,low
10271,760,140000,0.26,60000,30000,9,late,19000,7000,26,TRUE,self-employed,18000,medium
10272,800,200000,0.23,80000,42000,21,on time,34000,10000,23,FALSE,unemployed,22000,low
10273,780,180000,0.29,68000,34000,14,late,26000,9000,29,TRUE,employed,20000,medium
10274,820,220000,0.2,82000,46000,22,on time,39000,11000,20,FALSE,self-employed,26000,low
10275,800,200000,0.22,78000,40000,17,late,31000,10000,22,TRUE,unemployed,23000,medium
10276,840,240000,0.18,88000,50000,23,on time,41000,13000,18,FALSE,employed,29000,low
10277,780,160000,0.31,66000,31000,13,late,24000,8000,31,TRUE,self-employed,20000,medium
10278,820,200000,0.24,84000,44000,18,on time,35000,10000,24,FALSE,unemployed,24000,low
10279,800,220000,0.21,86000,48000,19,late,38000,12000,21,TRUE,employed,27000,medium
10280,840,240000,0.19,92000,52000,24,on time,42000,14000,19,FALSE,self-employed,31000,low
10281,780,180000,0.28,70000,36000,15,late,29000,9000,28,TRUE,unemployed,22000,medium
10282,820,220000,0.2,84000,46000,16,on time,38000,11000,20,FALSE,employed,26000,low
10283,800,200000,0.23,80000,42000,17,late,33000,10000,23,TRUE,self-employed,23000,medium
10284,840,240000,0.18,92000,52000,18,on time,42000,13000,18,FALSE,unemployed,31000,low
10285,780,180000,0.29,70000,36000,14,late,29000,9000,29,TRUE,employed,22000,medium
10286,810,190000,0.26,74000,38000,20,on time,32000,9500,26,FALSE,self-employed,25000,medium
10287,850,260000,0.17,96000,54000,25,on time,45000,15000,17,FALSE,unemployed,35000,low
10288,790,170000,0.3,70000,37000,21,late,33000,10500,30,TRUE,employed,28000,medium
10289,820,230000,0.22,88000,48000,22,on time,40000,12500,22,FALSE,self-employed,30000,low
10290,840,280000,0.16,100000,58000,27,on time,50000,16000,16,FALSE,unemployed,38000,low
10291,810,210000,0.25,81000,44000,23,late,42000,13000,25,TRUE,employed,29000,medium
10292,820,250000,0.21,92000,52000,24,on time,49000,15500,21,FALSE,self-employed,34000,low
10293,800,220000,0.24,86000,48000,19,late,45000,14000,24,TRUE,unemployed,31000,medium
10294,840,290000,0.15,104000,60000,28,on time,55000,17000,15,FALSE,employed,39000,low
10295,810,240000,0.23,92000,52000,25,late,52000,16000,23,TRUE,self-employed,36000,medium
10296,820,270000,0.19,98000,56000,29,on time,58000,18000,19,FALSE,unemployed,41000,low
10297,800,200000,0.26,80000,44000,20,late,45000,14000,26,TRUE,employed,33000,medium
10298,840,260000,0.2,96000,58000,26,on time,57000,17000,20,FALSE,self-employed,40000,low
10299,810,230000,0.25,88000,48000,23,late,49000,15500,25,TRUE,unemployed,37000,medium
10300,820,290000,0.18,104000,60000,27,on time,60000,19000,18,FALSE,employed,44000,low
10301,800,240000,0.22,92000,52000,24,late,53000,16500,22,TRUE,self-employed,38000,medium
10302,840,270000,0.2,98000,56000,28,on time,60000,18000,20,FALSE,unemployed,41000,low
10303,810,220000,0.24,86000,48000,21,late,51000,16000,24,TRUE,employed,36000,medium
10304,820,250000,0.21,92000,52000,22,on time,55000,17000,21,FALSE,self-employed,39000,low
10305,800,230000,0.25,88000,48000,23,late,52000,15500,25,TRUE,unemployed,37000,medium
10306,850,300000,0.19,120000,68000,29,on time,65000,20000,19,FALSE,employed,46000,low
10307,830,280000,0.22,100000,58000,25,late,58000,18000,22,TRUE,self-employed,42000,medium
10308,840,320000,0.17,112000,64000,30,on time,68000,21000,20,FALSE,unemployed,48000,low
10309,820,260000,0.23,96000,52000,26,late,59000,17500,23,TRUE,employed,41000,medium
10310,830,290000,0.2,104000,60000,27,on time,62000,19000,20,FALSE,self-employed,44000,low
10311,850,330000,0.18,124000,72000,31,on time,73000,22000,18,FALSE,unemployed,50000,low
10312,820,240000,0.24,92000,52000,24,late,54000,16500,24,TRUE,employed,38000,medium
10313,830,270000,0.21,98000,56000,28,on time,60000,18000,21,FALSE,self-employed,41000,low
10314,850,310000,0.16,116000,68000,32,on time,69000,21000,16,FALSE,unemployed,51000,low
10315,820,260000,0.23,96000,52000,26,late,59000,17500,23,TRUE,employed,41000,medium
10316,830,290000,0.2,104000,60000,27,on time,62000,19000,20,FALSE,self-employed,44000,low
10317,850,330000,0.18,124000,72000,31,on time,73000,22000,18,FALSE,unemployed,50000,low
10318,820,240000,0.24,92000,52000,24,late,54000,16500,24,TRUE,employed,38000,medium
10319,830,270000,0.21,98000,56000,28,on time,60000,18000,21,FALSE,self-employed,41000,low
10320,850,310000,0.16,116000,68000,32,on time,69000,21000,16,FALSE,unemployed,51000,low
10321,840,280000,0.22,100000,58000,29,on time,63000,20000,22,FALSE,self-employed,42000,medium
10322,830,300000,0.19,110000,64000,33,late,70000,22000,19,TRUE,unemployed,48000,medium
10323,840,320000,0.17,120000,70000,35,on time,75000,24000,17,FALSE,employed,52000,low
10324,820,290000,0.23,100000,58000,30,late,63000,20000,23,TRUE,self-employed,42000,medium
10325,830,310000,0.2,110000,64000,34,on time,70000,22000,20,FALSE,unemployed,48000,medium
10326,840,330000,0.18,120000,72000,36,on time,75000,24000,18,FALSE,employed,52000,low
10327,820,290000,0.23,100000,58000,30,late,63000,20000,23,TRUE,self-employed,42000,medium
10328,830,310000,0.2,110000,64000,34,on time,70000,22000,20,FALSE,unemployed,48000,medium
10329,840,330000,0.18,120000,72000,36,on time,75000,24000,18,FALSE,employed,52000,low
10330,820,260000,0.24,96000,52000,26,late,59000,17500,24,TRUE,employed,41000,medium
10331,830,290000,0.21,104000,60000,27,on time,62000,19000,21,FALSE,self-employed,44000,low
10332,850,310000,0.16,116000,68000,32,on time,69000,21000,16,FALSE,unemployed,51000,low
10333,840,320000,0.17,120000,70000,35,on time,75000,24000,17,FALSE,employed,52000,low
10334,820,260000,0.24,96000,52000,26,late,59000,17500,24,TRUE,employed,41000,medium
10335,830,290000,0.21,104000,60000,27,on time,62000,19000,21,FALSE,self-employed,44000,low
10336,850,310000,0.16,116000,68000,32,on time,69000,21000,16,FALSE,unemployed,51000,low
10337,840,320000,0.17,120000,70000,35,on time,75000,24000,17,FALSE,employed,52000,low
10338,820,260000,0.24,96000,52000,26,late,59000,17500,24,TRUE,employed,41000,medium
10339,830,290000,0.21,104000,60000,27,on time,62000,19000,21,FALSE,self-employed,44000,low
10340,850,310000,0.16,116000,68000,32,on time,69000,21000,16,FALSE,unemployed,51000,low
10341,810,280000,0.23,98000,58000,29,on time,63000,20000,20,FALSE,employed,42000,low
10342,820,300000,0.19,112000,72000,31,on time,74000,22000,19,FALSE,self-employed,45000,low
10343,830,320000,0.17,124000,80000,33,late,81000,25000,18,TRUE,unemployed,48000,medium
10344,840,340000,0.15,136000,88000,36,on time,90000,28000,17,FALSE,employed,52000,low
10345,810,260000,0.25,98000,58000,28,on time,63000,20000,20,FALSE,self-employed,42000,low
10346,820,300000,0.19,112000,72000,30,on time,74000,22000,19,FALSE,unemployed,45000,low
10347,830,320000,0.17,124000,80000,34,late,81000,25000,18,TRUE,employed,48000,medium
10348,840,340000,0.15,136000,88000,37,on time,90000,28000,17,FALSE,self-employed,52000,low
10349,810,260000,0.25,98000,58000,29,on time,63000,20000,20,FALSE,employed,42000,low
10350,820,300000,0.19,112000,72000,32,on time,74000,22000,19,FALSE,unemployed,45000,low
10351,720,85000,0.25,20000,15000,5,on time,1000,7000,0.5,FALSE,employed,5000,Low
10352,680,70000,0.3,25000,18000,7,late,500,6000,0.6,TRUE,self-employed,8000,Medium
10353,780,90000,0.2,30000,22000,10,on time,2000,8000,0.4,FALSE,unemployed,10000,Low
10354,740,80000,0.25,28000,20000,8,late,1500,7500,0.7,TRUE,employed,7000,Medium
10355,820,95000,0.15,32000,24000,12,on time,2500,9000,0.3,FALSE,self-employed,12000,Low
10356,660,65000,0.35,31000,26000,9,late,1200,7000,0.8,TRUE,unemployed,9000,Medium
10357,760,87000,0.2,29000,21000,11,on time,3000,8200,0.5,FALSE,employed,11000,Low
10358,700,72000,0.3,33000,29000,13,late,1800,7800,0.9,TRUE,self-employed,13000,Medium
10359,780,93000,0.1,35000,27000,14,on time,3500,9200,0.2,FALSE,unemployed,14000,Low
10360,740,81000,0.25,38000,31000,16,late,2200,8800,0.6,TRUE,employed,16000,Medium
10361,820,98000,0.15,42000,34000,18,on time,4000,9800,0.3,FALSE,self-employed,18000,Low
10362,780,92000,0.2,41000,36000,19,late,2800,9600,0.4,TRUE,unemployed,20000,Medium
10363,740,88000,0.25,45000,38000,20,on time,3200,10000,0.5,FALSE,employed,22000,Low
10364,660,68000,0.35,48000,42000,22,late,2400,10400,0.7,TRUE,self-employed,24000,Medium
10365,780,98000,0.1,51000,44000,24,on time,4500,11000,0.2,FALSE,unemployed,26000,Low
10366,720,74000,0.28,52000,46000,25,late,2600,11200,0.8,TRUE,employed,28000,Medium
10367,800,106000,0.12,58000,50000,27,on time,5000,12000,0.4,FALSE,self-employed,30000,Low
10368,740,78000,0.22,60000,54000,29,late,2900,12400,0.6,TRUE,unemployed,32000,Medium
10369,820,108000,0.18,62000,56000,31,on time,3500,12800,0.3,FALSE,employed,34000,Low
10370,700,69000,0.32,64000,58000,33,late,3100,13000,0.9,TRUE,self-employed,36000,Medium
10371,780,94000,0.14,66000,60000,35,on time,3800,13200,0.2,FALSE,unemployed,38000,Low
10372,760,81000,0.24,68000,62000,37,late,3500,13400,0.5,TRUE,employed,40000,Medium
10373,820,109000,0.16,70000,64000,39,on time,4100,13600,0.4,FALSE,self-employed,42000,Low
10374,740,79000,0.26,72000,66000,41,late,3800,13800,0.6,TRUE,unemployed,44000,Medium
10375,800,101000,0.1,74000,68000,43,on time,4500,14000,0.3,FALSE,employed,46000,Low
10376,720,71000,0.29,76000,70000,45,late,4200,14200,0.8,TRUE,self-employed,48000,Medium
10377,780,96000,0.13,78000,72000,47,on time,4900,14400,0.4,FALSE,unemployed,50000,Low
10378,740,82000,0.23,80000,74000,49,late,4600,14600,0.6,TRUE,employed,52000,Medium
10379,820,110000,0.15,82000,76000,51,on time,5200,14800,0.3,FALSE,self-employed,54000,Low
10380,700,69000,0.31,84000,78000,53,late,4900,15000,0.9,TRUE,unemployed,56000,Medium
10381,780,98000,0.11,86000,80000,55,on time,5400,15200,0.2,FALSE,employed,58000,Low
10382,720,73000,0.27,88000,82000,57,late,5100,15400,0.5,TRUE,self-employed,60000,Medium
10383,800,103000,0.14,90000,84000,59,on time,5600,15600,0.4,FALSE,unemployed,62000,Low
10384,740,81000,0.24,92000,86000,61,late,5300,15800,0.6,TRUE,employed,64000,Medium
10385,820,111000,0.17,94000,88000,63,on time,6000,16000,0.3,FALSE,self-employed,66000,Low
10386,760,72000,0.21,96000,90000,65,late,5800,16200,0.5,TRUE,unemployed,68000,Medium
10387,800,104000,0.13,98000,92000,67,on time,6200,16400,0.4,FALSE,employed,70000,Low
10388,780,101000,0.19,100000,94000,69,late,6600,16600,0.6,TRUE,self-employed,72000,Medium
10389,820,113000,0.16,102000,96000,71,on time,7000,16800,0.3,FALSE,unemployed,74000,Low
10390,760,91000,0.23,104000,98000,73,late,7400,17000,0.5,TRUE,employed,76000,Medium
10391,800,106000,0.15,106000,100000,75,on time,7800,17200,0.4,FALSE,self-employed,78000,Low
10392,780,109000,0.18,108000,102000,77,late,8200,17400,0.6,TRUE,unemployed,80000,Medium
10393,820,115000,0.14,110000,104000,79,on time,8600,17600,0.3,FALSE,employed,82000,Low
10394,760,103000,0.22,112000,106000,81,late,9000,17800,0.5,TRUE,self-employed,84000,Medium
10395,800,110000,0.17,114000,108000,83,on time,9400,18000,0.4,FALSE,unemployed,86000,Low
10396,780,112000,0.2,116000,110000,85,late,9800,18200,0.6,TRUE,employed,88000,Medium
10397,820,118000,0.16,118000,112000,87,on time,10200,18400,0.3,FALSE,self-employed,90000,Low
10398,760,115000,0.24,120000,114000,89,late,10600,18600,0.5,TRUE,unemployed,92000,Medium
10399,800,119000,0.19,122000,116000,91,on time,11000,18800,0.4,FALSE,employed,94000,Low
10400,780,121000,0.22,124000,118000,93,late,11400,19000,0.6,TRUE,self-employed,96000,Medium
10401,720,85000,0.25,30000,20000,5,on time,10000,2500,30,none,employed,10000,low
10402,650,60000,0.35,40000,25000,10,late,5000,2000,50,past due,self-employed,5000,medium
10403,820,120000,0.2,20000,15000,3,on time,15000,4000,20,none,employed,15000,low
10404,580,40000,0.4,60000,30000,7,late,10000,2500,60,past due,unemployed,10000,high
10405,740,90000,0.15,15000,10000,4,on time,12000,3000,25,none,self-employed,12000,low
10406,660,70000,0.3,45000,28000,9,late,6000,2200,45,past due,employed,6000,medium
10407,800,140000,0.1,10000,8000,2,on time,18000,4500,15,none,self-employed,18000,low
10408,540,35000,0.45,70000,35000,8,late,8000,2500,65,past due,unemployed,8000,high
10409,720,80000,0.2,20000,12000,6,on time,12000,3200,30,none,employed,12000,low
10410,680,65000,0.32,42000,26000,11,late,7000,2400,50,past due,self-employed,7000,medium
10411,820,130000,0.12,8000,6000,3,on time,20000,5000,20,none,employed,20000,low
10412,580,42000,0.42,68000,36000,9,late,9000,2800,60,past due,unemployed,9000,high
10413,740,95000,0.16,15000,11000,5,on time,14000,3500,25,none,self-employed,14000,low
10414,660,72000,0.29,48000,28000,10,late,8000,2600,45,past due,employed,8000,medium
10415,800,160000,0.08,10000,8000,2,on time,22000,5500,15,none,self-employed,22000,low
10416,620,38000,0.38,63000,38000,7,late,8500,2700,55,past due,unemployed,8500,high
10417,780,99000,0.14,14000,10000,4,on time,15000,3750,20,none,self-employed,15000,low
10418,700,67000,0.26,46000,27000,12,late,7500,2500,40,past due,employed,7500,medium
10419,840,150000,0.06,9000,7000,3,on time,23000,5750,10,none,self-employed,23000,low
10420,600,45000,0.41,70000,45000,8,late,9000,2900,60,past due,unemployed,9000,high
10421,760,92000,0.13,12000,9000,5,on time,13000,3250,20,none,self-employed,13000,low
10422,680,64000,0.29,48000,28000,10,late,7800,2600,45,past due,employed,7800,medium
10423,820,140000,0.09,8000,6000,3,on time,20000,5000,15,none,self-employed,20000,low
10424,580,41000,0.42,68000,36000,9,late,9200,2800,60,past due,unemployed,9200,high
10425,740,94000,0.15,15000,11000,5,on time,14000,3500,25,none,self-employed,14000,low
10426,660,71000,0.28,48000,28000,10,late,7900,2600,45,past due,employed,7900,medium
10427,800,170000,0.07,10000,8000,2,on time,24000,5800,10,none,self-employed,24000,low
10428,620,39000,0.38,63000,38000,7,late,8600,2700,55,past due,unemployed,8600,high
10429,780,101000,0.12,14000,10000,4,on time,15200,3800,20,none,self-employed,15200,low
10430,700,68000,0.25,46000,27000,12,late,7600,2500,40,past due,employed,7600,medium
10431,840,152000,0.05,9000,7000,3,on time,24200,5900,10,none,self-employed,24200,low
10432,600,46000,0.41,70000,45000,8,late,9200,2900,60,past due,unemployed,9200,high
10433,760,93000,0.11,12000,9000,5,on time,13200,3300,20,none,self-employed,13200,low
10434,680,66000,0.27,48000,28000,10,late,7800,2600,45,past due,employed,7800,medium
10435,820,142000,0.08,8000,6000,3,on time,21000,5200,15,none,self-employed,21000,low
10436,740,118000,0.14,18000,14000,6,on time,14600,3700,25,none,self-employed,14600,low
10437,660,49000,0.34,62000,38000,9,late,9800,3100,55,past due,unemployed,9800,high
10438,800,198000,0.06,10000,8000,2,on time,24800,6200,10,none,self-employed,24800,low
10439,720,128000,0.18,22000,16000,7,on time,16800,4200,25,none,self-employed,16800,low
10440,580,44000,0.43,72000,42000,11,late,10000,3200,65,past due,unemployed,10000,high
10441,760,98000,0.12,14000,10000,4,on time,15200,3800,20,none,self-employed,15200,low
10442,820,158000,0.09,9000,7000,3,on time,24200,5900,10,none,self-employed,24200,low
10443,740,122000,0.15,20000,15000,6,on time,16000,4000,25,none,self-employed,16000,low
10444,660,48000,0.35,60000,37000,10,late,9800,3100,55,past due,unemployed,9800,high
10445,780,104000,0.13,14000,10000,4,on time,15200,3800,20,none,self-employed,15200,low
10446,820,152000,0.08,8000,6000,3,on time,21000,5200,15,none,self-employed,21000,low
10447,740,118000,0.14,18000,14000,6,on time,14600,3700,25,none,self-employed,14600,low
10448,660,49000,0.34,62000,38000,9,late,9800,3100,55,past due,unemployed,9800,high
10449,780,198000,0.06,10000,8000,2,on time,24800,6200,10,none,self-employed,24800,low
10450,720,128000,0.18,22000,16000,7,on time,16800,4200,25,none,self-employed,16800,low
10451,580,44000,0.43,72000,42000,11,late,10000,3200,65,past due,unemployed,10000,high
10452,760,98000,0.12,14000,10000,4,on time,15200,3800,20,none,self-employed,15200,low
10453,820,158000,0.09,9000,7000,3,on time,24200,5900,10,none,self-employed,24200,low
10454,740,122000,0.15,20000,15000,6,on time,16000,4000,25,none,self-employed,16000,low
10455,660,48000,0.35,60000,37000,10,late,9800,3100,55,past due,unemployed,9800,high
10456,780,220000,0.05,12000,9000,5,on time,29800,7400,15,none,self-employed,29800,low
10457,820,180000,0.08,8000,6000,4,on time,26800,6700,12,none,self-employed,26800,low
10458,720,140000,0.17,24000,18000,7,on time,18800,4700,22,none,self-employed,18800,low
10459,760,96000,0.11,16000,12000,6,on time,17200,4300,20,none,self-employed,17200,low
10460,740,100000,0.16,20000,15000,5,on time,15800,3900,24,none,self-employed,15800,low
10461,660,46000,0.36,64000,38000,12,late,10200,3200,58,past due,unemployed,10200,high
10462,820,200000,0.07,10000,8000,3,on time,29200,7300,13,none,self-employed,29200,low
10463,760,110000,0.13,18000,14000,6,on time,17800,4400,21,none,self-employed,17800,low
10464,740,130000,0.15,22000,16000,7,on time,16800,4100,25,none,self-employed,16800,low
10465,660,52000,0.38,68000,40000,13,late,10800,3400,62,past due,unemployed,10800,high
10466,820,220000,0.06,11000,8500,4,on time,30800,7700,14,none,self-employed,30800,low
10467,760,120000,0.14,20000,15000,6,on time,17800,4400,22,none,self-employed,17800,low
10468,740,140000,0.16,24000,18000,7,on time,18800,4700,24,none,self-employed,18800,low
10469,660,48000,0.37,66000,38000,12,late,10200,3200,60,past due,unemployed,10200,high
10470,820,200000,0.08,10000,8000,3,on time,29200,7300,13,none,self-employed,29200,low
10471,760,110000,0.13,18000,14000,6,on time,17800,4400,21,none,self-employed,17800,low
10472,740,130000,0.15,22000,16000,7,on time,16800,4100,25,none,self-employed,16800,low
10473,660,52000,0.38,68000,40000,13,late,10800,3400,62,past due,unemployed,10800,high
10474,820,220000,0.06,11000,8500,4,on time,30800,7700,14,none,self-employed,30800,low
10475,760,120000,0.14,20000,15000,6,on time,17800,4400,22,none,self-employed,17800,low
10476,780,100000,0.13,22000,16000,5,on time,18800,4500,23,none,self-employed,18800,low
10477,700,180000,0.1,9000,7000,3,on time,29800,7400,15,none,self-employed,29800,low
10478,820,250000,0.04,8000,6000,2,on time,32800,8100,12,none,self-employed,32800,low
10479,660,40000,0.39,72000,52000,14,late,12800,3600,64,past due,unemployed,12800,high
10480,740,160000,0.12,24000,18000,6,on time,19800,4800,24,none,self-employed,19800,low
10481,780,130000,0.15,22000,16000,7,on time,16800,4100,25,none,self-employed,16800,low
10482,700,200000,0.09,10000,8000,3,on time,29200,7300,13,none,self-employed,29200,low
10483,820,280000,0.03,7000,5500,2,on time,33800,8400,11,none,self-employed,33800,low
10484,660,38000,0.4,76000,58000,15,late,13800,3800,66,past due,unemployed,13800,high
10485,740,170000,0.11,26000,19000,6,on time,19800,4800,24,none,self-employed,19800,low
10486,780,140000,0.14,20000,15000,5,on time,17800,4400,22,none,self-employed,17800,low
10487,700,190000,0.08,9000,7000,3,on time,29800,7400,15,none,self-employed,29800,low
10488,820,260000,0.02,6000,4500,2,on time,34800,8700,10,none,self-employed,34800,low
10489,660,42000,0.41,82000,62000,16,late,14800,4000,68,past due,unemployed,14800,high
10490,740,180000,0.1,25000,19000,6,on time,19800,4800,24,none,self-employed,19800,low
10491,780,150000,0.13,22000,16000,5,on time,16800,4100,25,none,self-employed,16800,low
10492,700,210000,0.07,8000,6000,3,on time,30800,7700,13,none,self-employed,30800,low
10493,820,290000,0.01,5000,4000,2,on time,35800,8900,9,none,self-employed,35800,low
10494,660,46000,0.42,88000,68000,17,late,15800,4100,70,past due,unemployed,15800,high
10495,740,190000,0.09,28000,21000,6,on time,20800,5100,26,none,self-employed,20800,low
10496,810,240000,0.03,5500,4500,2,on time,37800,9200,12,none,self-employed,37800,low
10497,620,38000,0.43,92000,82000,18,late,16800,4400,72,past due,unemployed,16800,high
10498,760,160000,0.11,30000,24000,7,on time,22800,5800,29,none,self-employed,22800,low
10499,680,220000,0.06,7000,5000,4,on time,30800,7800,14,none,self-employed,30800,low
10500,800,300000,0.02,6000,5000,3,on time,39800,10000,8,none,self-employed,39800,low